{
  "spec": "size-controlled literacy three-way (Eq.2), state+month FE, state-clustered SE; IO terciles re-formed (persistent IO) within each firm panel-mean market-cap filter; per-state month-FE-only, cross-state slope precision-weighted 1/SE^2.",
  "panelA": {
    "Full panel": {
      "N": 518962,
      "IO1_low": {
        "coef": -0.00780674932973374,
        "se": 0.011928869688592537,
        "t": -0.6544416640915492
      },
      "IO2_mid": {
        "coef": -0.025903659449820843,
        "se": 0.011361033261484898,
        "t": -2.280044328154287
      },
      "IO3_high": {
        "coef": -0.00156590633272491,
        "se": 0.01405771558143714,
        "t": -0.11139123733536407
      }
    },
    "Drop bottom 20%": {
      "N": 454107,
      "IO1_low": {
        "coef": -0.013557355613431629,
        "se": 0.012531668577952012,
        "t": -1.0818476030625477
      },
      "IO2_mid": {
        "coef": -0.04074232183880813,
        "se": 0.015237325970896028,
        "t": -2.673849855061694
      },
      "IO3_high": {
        "coef": 0.009822437976727065,
        "se": 0.014767075792866019,
        "t": 0.6651579577774152
      }
    },
    "Drop bottom 33%": {
      "N": 395873,
      "IO1_low": {
        "coef": -0.015493423379209417,
        "se": 0.015584122589121195,
        "t": -0.9941800246120309
      },
      "IO2_mid": {
        "coef": -0.028520828314095685,
        "se": 0.02031908443531055,
        "t": -1.4036473151581637
      },
      "IO3_high": {
        "coef": 0.01081836557526192,
        "se": 0.01863997530077011,
        "t": 0.5803851883223772
      }
    },
    "Drop bottom 50%": {
      "N": 322137,
      "IO1_low": {
        "coef": -0.044466036081290176,
        "se": 0.021548704727750927,
        "t": -2.0635131736723724
      },
      "IO2_mid": {
        "coef": -0.011322156149491253,
        "se": 0.016772154714472163,
        "t": -0.6750567438852517
      },
      "IO3_high": {
        "coef": 0.010082779152898498,
        "se": 0.019466268895302,
        "t": 0.5179615676290119
      }
    }
  },
  "panelB": {
    "full_panel_mid_IO": {
      "published": {
        "slope": -0.0623,
        "t": -5.01,
        "r": -0.275,
        "n": 42
      },
      "recomputed": {
        "slope": -0.06230243805041786,
        "t": -6.845083102487951,
        "pearson_r": -0.27453216709294886,
        "n_states": 42,
        "xb": 24.286851946201168,
        "yb": -0.026735787310888014
      }
    },
    "above_median_mid_IO": {
      "published": {
        "slope": -0.0325,
        "t": -3.82,
        "r": 0.008,
        "n": 31
      },
      "recomputed": {
        "slope": 0.007629444176777076,
        "t": 0.4033410037574113,
        "pearson_r": 0.006198501461779357,
        "n_states": 31,
        "xb": 24.281720065558368,
        "yb": -0.03773559885312246
      }
    },
    "above_median_low_IO": {
      "published": {
        "slope": -0.0379,
        "t": -4.3,
        "r": -0.291,
        "n": 34
      },
      "recomputed": {
        "slope": -0.03793276808585728,
        "t": -3.56468049871984,
        "pearson_r": -0.29100201185393215,
        "n_states": 34,
        "xb": 24.285590464503475,
        "yb": -0.04170310806396628
      }
    },
    "above_median_high_IO": {
      "published": {
        "slope": 0.0061,
        "t": 0.26,
        "r": 0.054,
        "n": 31
      },
      "recomputed": {
        "slope": 0.003302820001444411,
        "t": 0.16116548529280966,
        "pearson_r": 0.04636720404942317,
        "n_states": 31,
        "xb": 24.285807483236937,
        "yb": -0.022723686873176073
      }
    }
  }
}